{
	"format_version": "1.8.0",
	"animations": {
		"open": {
			"loop": "hold_on_last_frame",
			"animation_length": 2.2,
			"bones": {
				"VoxelShapes": {
					"position": {
						"0.0": {
							"vector": [0, 0, 0]
						},
						"0.04": [-0.0973, 0, 0],
						"0.08": [-0.23156, 0, 0],
						"0.12": [-0.40193, 0, 0],
						"0.16": [-0.60728, 0, 0],
						"0.2": [-0.84664, 0, 0],
						"0.24": [-1.11899, 0, 0],
						"0.28": [-1.42366, 0, 0],
						"0.32": [-1.75957, 0, 0],
						"0.36": [-2.126, 0, 0],
						"0.4": [-2.52223, 0, 0],
						"0.44": [-2.94755, 0, 0],
						"0.48": [-3.40124, 0, 0],
						"0.52": [-3.88265, 0, 0],
						"0.56": [-4.39104, 0, 0],
						"0.6": [-4.92578, 0, 0],
						"0.64": [-5.48629, 0, 0],
						"0.68": [-6.07189, 0, 0],
						"0.72": [-6.68184, 0, 0],
						"0.76": [-7.31547, 0, 0],
						"0.8": [-7.97182, 0, 0],
						"0.84": [-8.64996, 0, 0],
						"0.88": [-9.34849, 0, 0],
						"0.92": [-10.06552, 0, 0],
						"0.96": [-10.79817, 0, 0],
						"1.04": [-12.28481, 0, 0],
						"1.08": {
							"vector": [-13, 0, 0]
						},
						"1.12": [-13.61582, 0, 0],
						"1.16": [-14.11492, 0, 0],
						"1.2": [-14.50683, 0, 0],
						"1.24": [-14.80179, 0, 0],
						"1.28": [-15.01029, 0, 0],
						"1.32": [-15.14276, 0, 0],
						"1.36": [-15.20938, 0, 0],
						"1.4": [-15.2198, 0, 0],
						"1.44": [-15.183, 0, 0],
						"1.48": [-15.10723, 0, 0],
						"1.52": {
							"vector": [-15, 0, 0]
						},
						"1.56": [-14.89029, 0, 0],
						"1.6": [-14.82221, 0, 0],
						"1.64": [-14.82423, 0, 0],
						"1.8": [-14.98129, 0, 0],
						"2.2": {
							"vector": [-15, 0, 0]
						}
					}
				}
			}
		},
		"close": {
			"loop": "hold_on_last_frame",
			"animation_length": 2.2,
			"bones": {
				"VoxelShapes": {
					"position": {
						"0.0": {
							"vector": [-15, 0, 0]
						},
						"0.04": [-14.5856, 0, 0],
						"0.44": [-10.31335, 0, 0],
						"0.84": [-5.81029, 0, 0],
						"1.08": {
							"vector": [-3, 0, 0]
						},
						"1.12": [-2.55912, 0, 0],
						"1.16": [-2.179, 0, 0],
						"1.2": [-1.85052, 0, 0],
						"1.24": [-1.56636, 0, 0],
						"1.28": [-1.32052, 0, 0],
						"1.32": [-1.10795, 0, 0],
						"1.36": [-0.92447, 0, 0],
						"1.4": [-0.76641, 0, 0],
						"1.44": [-0.63074, 0, 0],
						"1.48": [-0.51466, 0, 0],
						"1.52": [-0.41591, 0, 0],
						"1.56": [-0.33236, 0, 0],
						"1.6": [-0.26219, 0, 0],
						"1.64": [-0.20377, 0, 0],
						"2.16": [-0.00071, 0, 0],
						"2.2": {
							"vector": [0, 0, 0]
						}
					}
				}
			}
		}
	},
	"geckolib_format_version": 2
}